{"cameraMode":{"drawMode":0,"name":"Shaded","section":"Shading Mode"},"sceneLighting":false,"audioPlay":false,"sceneViewState":{"showFog":true,"showMaterialUpdate":false,"showSkybox":false,"showFlares":true,"showImageEffects":true,"showParticleSystems":true},"in2DMode":false,"pivot":{"x":-10.525815963745118,"y":6.519279956817627,"z":9.200002670288086},"rotation":{"x":0.23389635980129243,"y":-0.20809385180473329,"z":0.05132303386926651,"w":0.948345959186554},"size":16.72281837463379,"orthographic":false}