{"cameraMode":{"drawMode":0,"name":"Shaded","section":"Shading Mode"},"sceneLighting":false,"audioPlay":false,"sceneViewState":{"showFog":true,"showMaterialUpdate":false,"showSkybox":false,"showFlares":true,"showImageEffects":true,"showParticleSystems":true},"in2DMode":false,"pivot":{"x":5.400257110595703,"y":-3.1312122344970705,"z":-0.9921900033950806},"rotation":{"x":0.23389635980129243,"y":-0.20809385180473329,"z":0.05132303386926651,"w":0.948345959186554},"size":0.8660253882408142,"orthographic":false}