{"cameraMode":{"drawMode":0,"name":"Shaded","section":"Shading Mode"},"sceneLighting":false,"audioPlay":false,"sceneViewState":{"showFog":true,"showMaterialUpdate":false,"showSkybox":false,"showFlares":true,"showImageEffects":true,"showParticleSystems":true},"in2DMode":false,"pivot":{"x":0.0000011920928955078126,"y":-0.5000055432319641,"z":0.0},"rotation":{"x":0.23389635980129243,"y":-0.20809385180473329,"z":0.05132303386926651,"w":0.948345959186554},"size":5.678893089294434,"orthographic":false}