{"cameraMode":{"drawMode":0,"name":"Shaded","section":"Shading Mode"},"sceneLighting":true,"audioPlay":false,"sceneViewState":{"m_AlwaysRefresh":false,"showFog":true,"showSkybox":true,"showFlares":true,"showImageEffects":true,"showParticleSystems":true,"showVisualEffectGraphs":true,"m_FxEnabled":true},"in2DMode":false,"pivot":{"x":42.804141998291019,"y":-0.051892757415771487,"z":3.063863754272461},"rotation":{"x":0.21202385425567628,"y":-0.15954795479774476,"z":0.03510761260986328,"w":0.9635164737701416},"size":37.58266067504883,"orthographic":false}